﻿{
  "rules": {
    "class-name": true, // class names are required to be pascal case (ex: className)
    "comment-format": [ true, "check-space" ],
    "curly": true, // curly braces enforced for if, for, while
    "indent": [ true, "spaces" ], // forces proper indentation.
    "no-debugger": true, // no debugger statements allowed
    "no-duplicate-variable": true, // does not allow duplicate variables in the same scope.
    "no-internal-module": true, // inforces using namespace instead of internal module.
    "no-unreachable": true, // disallows unreachable code blocks.
    "no-use-before-declare": true, // have to declare a variable before you use it.
    "no-var-keyword": false, // does not allow the user of var keyword.
    "one-line": [ true, "check-open-brace", "check-whitespace" ], 
    "quotemark": [ true, "double" ], // enforces all strings be double quotes.
    "semicolon": [ true, "always"], // all statements must end with a semicolon.
    "triple-equals": [ true, "allow-null-check" ], // == will not be valid only ===
    "variable-name": [ true, "ban-keywords" ] // only UPPERCASE or camelCase will be allowed, and cannot use keywords.
  }
}
